IOC,Type
9f78eda28ac4d573467576a3942e8fa7,MD5
de4ecd1c85321f9f52e7993db7e8fae8,MD5
b8eee4ae87d45d698a7a08ed61b32451,MD5
http://194.180.174.158/18.01/released.rtf,URL
a940c9c54ff69dacc6771f1ffb3c91ea05f7f08e6aaf46e9802e42f948dfdb66,SHA256
1012a7627b6b82e3afb87380bbfda515764ce0a6,SHA1
ca6aa6c5a7910281a899695e61423079,MD5
http://8.219.85.91:8888/push-streaming?id=1234,URL
http://bweri6.cc/x/command?token=&width=1080&height=1920,URL
ec1e2ff5c72c233f2b5ad538d44059a06b81b5e5da5e2c82897be1ca4539d490,SHA256
ea5359c8408cdb4ebb7480704fe06a8e3bfa37c3,SHA1
b2429371b530d634b2b86c331515904f,MD5
http://lionaiothai.com,URL
http://cmnb9.cc,URL
5bd3497bfd913b30bbdb13331f9ba919,IMP
89.185.84.43,IP
7dddc5e74280f772942a222d03c48582,MD5
26ad705f126d0c1568fc247ee9a3a694,MD5
6e2ea6a4c6e047e91f217933bea3e1a4,MD5
ed48f91182c67f0e1ad99906cfc76968,MD5
8d07baadbb98d00e330dd043388ee621,MD5
http://194.180.174.158/18.01/quicker.rtf,URL
d5370c76769237e9d5200c66690ae6f34e1b785fc37dad57d72e839218d5fb58,SHA256
https://download1.software/7z2201-x64.msi,URL
d5767193e98af701c8e7b458fce7751dd66683b1957c60d8fa55b642210d168e,SHA256
bd02e3c2bba567caf4f52adf9f52656a7d5057f3607d9e94fd9c27cfe490e710,SHA256
74da94bf0e4f007387de6084a8437b947e139e0602df1d0f9d15341cabd41b3c,SHA256
http://193.56.146.114/pdfbuild.exe,URL
https://huggingface.co/Looks/zip7/raw/main/arch,URL
https://advertising-check.ru/start.php,URL
https://bitbucket.org/ganhack123/load/downloads/ZipCosdaz1.exe.gpg,URL
https://bbuseruploads.s3.amazonaws.com/167118f1-f9a2-4a15-883b-f4bca0212b90/downloads/968ada68-5780-4190-80ab-912d11e581da/ZipCosdaz1.exe.gpg?response-content-disposition=attachment%3B%20filename%3D%22ZipCosdaz1.exe.gpg%22&AWSAccessKeyId=ASIA6KOSE3BNH26LAYXF&Signature=%2Fw6ksnVYKSPuN189ap%2FTJ2xfDto%3D&x-amz-security-token=FwoGZXIvYXdzEOP%2F%2F%2F%2F%2F%2F%2F%2F%2F%2FwEaDNl0wA0hRh8K%2F%2Fuv4yK%2BASQecHe8mdO77ggFaJSLxzp3n4lnNJasNAKmnB%2FB2KnnulTV7bk1VL1ldqPMXa5kpXJ9T%2FmBuEZowq%2B9Wfzhd3lSJ2NBV%2Ffad1bSlHdRbqkLmrCjpi%2B5aTRXqbYPSw6N2h1ntixvRxChPMfCwefhbVYg1r%2BtXVr5gJBW4GLlhwHVTpHcFm7%2F8FOY4wuvjrukDuaez7lX60UKCO%2BG1wVz4nFs06YamP8N6fo5is5QXt96ICHP6oynJbNcfQYR6%2BUojPCXngYyLQC%2Fpyunx2%2Fi9Y%2Fbn7QW0MdUaleZ8BZSDT5U36N7NaPBLnOVHnJZ6%2FYkfr5Adg%3D%3D&Expires=1673920277,URL
https://bbuseruploads.s3.amazonaws.com/167118f1-f9a2-4a15-883b-f4bca0212b90/downloads/16b2b281-04c4-4927-ae9e-169c0ea43939/ZipCosdaz.exe.gpg?response-content-disposition=attachment%3B%20filename%3D%22ZipCosdaz.exe.gpg%22&AWSAccessKeyId=ASIA6KOSE3BNPHK3M4VL&Signature=R6BNn86MUesQsNsWiInS6mHzsMw%3D&x-amz-security-token=FwoGZXIvYXdzEOP%2F%2F%2F%2F%2F%2F%2F%2F%2F%2FwEaDN0cx6GI6vbmuWBSrCK%2BASm6DCrlx6iUPBJePwvhJAUQ6nttM1GtC6KdYLxWUP%2FzxVmg7Gd3yXeKZArtfq022G9nWYECNzQdAsymMdW8bgPtUDnGD5qOEAQi4RihEIomcpvK3BwGoOOaw2w8pyQ9oL1oIF%2FyJmwx9wYAyLTHT8FnD900YnXNAPHgmncubgoQ05ZGkx3pSc2SPVsPiU83f0G%2FYaDZ1yo1gQjKyBNjCYBUpXUk4z0wiK2kjT%2B1XKN171NFh5AMpno2sHV%2FMzIo%2FeqXngYyLQ6jpGjJGsptLmYjnMTHWpyFx3zdzvtiPynux9gOVzwGFBiRxlTXAOC1x2YttA%3D%3D&Expires=1673919621,URL
https://bitbucket.org/ganhack123/load/downloads/ZipCosdaz.exe.gpg,URL
https://bitbucket.org/ganhack123/load/downloads/ZLocal.gpg,URL
https://bbuseruploads.s3.amazonaws.com/167118f1-f9a2-4a15-883b-f4bca0212b90/downloads/3f2b93d2-67f9-447b-9a43-5879da9f8018/ZLocal.gpg?response-content-disposition=attachment%3B%20filename%3D%22ZLocal.gpg%22&AWSAccessKeyId=ASIA6KOSE3BNMQ3M2QXD&Signature=h5WqF8mWws%2F%2BF7JI34D8H2tTVww%3D&x-amz-security-token=FwoGZXIvYXdzEOP%2F%2F%2F%2F%2F%2F%2F%2F%2F%2FwEaDEyDNIsqd2teCyZTyyK%2BATt0Ao5Xh1kkniY9jQYqNaCGKcSkN9F%2BwecQqATJjh5LQwv5QeAaBAUU3HWjUdIPd1rRQyTC2y2vhfTiUtUWbLLHPZ0L0cKSUZnu6SKVqhrPZplHX3Qgz6Svr7yinL89h0A1NLCYdHQTF33kNoTf865V3ZrgGQj58Jv%2BKgt1v6xsrGQDKePdIvt4eCsUYsXFIFUavt2YY6jLny6Uhynyw6eT3YgnMhfzU3rvrE0ynwRAE%2BxIC3HIyxoDIXhRPFgo%2FuqXngYyLUlIR42b6VfCUaSqhH8Syoem7OhLME26OIgh6vLQG6JsdB6vpA6MKWn3ThIJ4w%3D%3D&Expires=1673919622,URL
https://raw.githubusercontent.com/swagkarna/Bypass-Tamper-Protection/main/NSudo.exe,URL
https://raw.githubusercontent.com/swagkarna/Bypass-Tamper-Protection/main/NSudo.exe,URL
https://raw.githubusercontent.com/swagkarna/Bypass-Tamper-Protection/main/NSudo.exe,URL
https://www.7-zip.org/a/7z2201.exe,URL
http://files.gpg4win.org/gpg4win-2.2.5.exe,URL
https://advertising-check.ru/install.php,URL
http://193.56.146.114/pdfbuild.exe,URL
193.56.146.114 port 44271,IP
